NULL;Louisette;Trasler;Frau;ltrasler0@deliciousdays.com;27.11.2004;93152;Albacete;ES;96279737934
NULL;Franz;M�ller;Herr;fmul@ycombinator.com;24.01.1952;1200;Ainaro;CH;13004069273
NULL;Stuart;Jackett;Herr;sjackett4@fc2.com;06.04.1998;65182;M�nchen;DE;70694747437
NULL;Barbara;Grovier;Herr;bgrovier5@flickr.com;03.02.1978;73713;Marcos Ju�rez;AR;40005963399
NULL;Deborah;Waterhowse;Frau;dwaterhowse6@sitemeter.com;18.05.2004;8047;Z�rich;CH;58409648466
NULL;Genny;Arundell;Herr;garundell7@spiegel.de;08.11.1992;85998;Gore;NZ;5433436678
NULL;Jose;Abdon;Herr;jabdon8@statcounter.com;07.04.1957;27755;Kassel;DE;31256699291
NULL;Joey;Lippitt;Frau;jlippitta@jimdo.com;17.06.1967;36950;Nagbacalan;DE;12784323813
NULL;Sylvan;Alenichev;Herr;salenichevb@theatlantic.com;02.02.2010;20789;Calvaria de Baixo;PT;96436044591
NULL;Brigitte;Boyd;Herr;bboydc@adobe.com;08.05.1978;45477;Haruman;ID;80917545468
NULL;Lena;Waldmann;Frau;waldmannl@jimdo.com;20.09.1982;8005;Z�rich;CH;78662800823
NULL;Susanna;Castellani;Frau;scastellanie@fema.gov;26.02.1958;8005;Z�rich;CH;1962150610
NULL;Mohan;Bartolomieu;Herr;mbartolomieuf@seattletimes.com;02.12.1973;15416;Basel;CH;6423352505
NULL;Cati;Losseljong;Frau;closseljongg@goodreads.com;04.08.1952;52512;Cotmon;PH;35911250304
NULL;Marlon;Farlane;Herr;mfarlaneh@imdb.com;23.03.1988;64519;Sokolo;ML;84765079521
NULL;Joana;Slograve;Frau;jslogravei@dion.ne.jp;16.01.2012;33472;Church End;CH;28574388766
NULL;Peadar;Ferrier;Herr;pferrierj@zdnet.com;25.04.1996;24987;Progreso;PA;48258557601
NULL;Marie;Ethersey;Frau;metherseyk@shutterfly.com;14.04.1970;96488;�gios Spyr�don;GR;41335565303
NULL;Moyra;Wingeat;Frau;mwingeatl@webs.com;15.11.1976;2091;Lausanne;CH;55440689783
NULL;Inga;Dunsleve;Frau;idunslevem@google.de;18.06.2013;1000;La Uvita;CH;19027923450
NULL;Billy;Ghirardi;Herr;bghirardin@last.fm;03.06.1987;8711;R�mlang;CH;5433436678
NULL;Daniel;Kubal;Herr;dkubalo@facebook.com;30.11.1979;8370;Horgen;CH;31256699291
NULL;Lena;Di Giacomo;Frau;digiacomolena@kickstarter.com;28.04.1969;54987;Bologna;IT;31293605213
NULL;Gasparo;Fouch;Herr;gfouchq@irs.gov;04.03.1991;73795;Wyszki;PL;12784323813
NULL;Kelcy;Climar;Frau;kclimarr@merriam-webster.com;23.08.1968;8120;Volketswil;CH;96436044591
NULL;Manuel;Chartres;Herr;mchartress@bloglovin.com;05.10.1950;61076;Chervonoarmiys�k;UA;80917545468
NULL;Oberon;Roddell;Herr;oroddellt@fc2.com;29.03.2000;7400;Ennenda;CH;78662800823
NULL;Lena;Yushkin;Frau;lyushkiny@naver.com;31.12.1993;5408;Abtwil;CH;18229981698
NULL;Lucilia;Crowne;Frau;lcrownez@home.pl;20.09.1991;8424;B�retswil;CH;44316450651
NULL;Noemi;Woofendell;Frau;nwoofendell10@ow.ly;23.02.1978;8420;Winterthur;CH;39776933924
NULL;Roxanne;Arstall;Frau;rarstall11@ycombinator.com;14.09.1958;84950;Stockholm;SE;3648105364
NULL;Anna;Lugard;Frau;alugard12@mayoclinic.com;24.06.1973;6474;Luzern;CH;58235432176
NULL;Peter;Stare;Herr;pstare13@squarespace.com;25.11.1976;3423;Sion;CH;71040782118
NULL;Ellen;Flanders;Frau;eflanders14@addtoany.com;12.04.1982;6299;La Fert�-Bernard;CH;504463380
NULL;Chris;Sanches;Herr;csanches15@yahoo.com;25.07.2010;8394;Volketswil;CH;53307328921
NULL;Miriam;Ossulton;Frau;mossulton16@cargocollective.com;27.07.1964;5387;Kappel;CH;74365299408
NULL;Hans;Simister;Herr;hsimister17@toplist.cz;13.04.1987;3006;Bern;CH;62243364952
NULL;Alan;Howlett;Herr;ahowlett18@tuttocitta.it;05.12.1999;83591;Annecy;FR;88461229291
NULL;Sandro;Del Monte;Herr;sdelmonte19@tripadvisor.com;15.08.1951;6208;Balzan;CH;61299590833
NULL;Gina;Held;Herr;gheld1a@un.org;15.02.1950;7032;Tinizong;CH;25675031086
NULL;Jonas;Eardley;Herr;jeardley1b@google.com.hk;13.07.1980;8517;Rupperswil;CH;73363120312
NULL;Rolli;Bauer;Herr;rbauer1c@list-manage.com;12.02.1975;8400;Winterthur;CH;96743428593
NULL;Paola;Hatchette;Frau;phatchette1d@senate.gov;27.05.1991;63233;Vaduz;LI;52278754137
NULL;Rollie;Burnhill;Herr;rburnhill1c@list-manage.com;12.02.1975;25435;Melissoch�ri;GR;41299590833
NULL;Paola;Hatchette;Frau;paola.hatchette@home.it;27.05.1991;63233;Zaraysk;RU;52278754132
